{
    "metrics": {
        "http_reqs": {
            "count": 316,
            "rate": 10.484058444909033
        },
        "http_req_duration{expected_response:true}": {
            "max": 1.221965,
            "p(90)": 0.746078,
            "p(95)": 0.82743875,
            "p(99)": 0.9656211000000006,
            "avg": 0.47396471202531704,
            "min": 0.127865,
            "med": 0.4494505
        },
        "http_req_duration": {
            "avg": 0.47396471202531704,
            "min": 0.127865,
            "med": 0.4494505,
            "max": 1.221965,
            "p(90)": 0.746078,
            "p(95)": 0.82743875,
            "p(99)": 0.9656211000000006,
            "thresholds": {
                "p(95)<300": false
            }
        },
        "http_req_waiting": {
            "med": 0.38,
            "max": 1.103515,
            "p(90)": 0.676635,
            "p(95)": 0.7533335,
            "p(99)": 0.8706048000000001,
            "avg": 0.4103530316455699,
            "min": 0.104046
        },
        "iterations": {
            "count": 90,
            "rate": 2.985966012790547
        },
        "unexpected_errors": {
            "passes": 0,
            "fails": 315,
            "thresholds": {
                "rate<0.01": false
            },
            "value": 0
        },
        "http_req_connecting": {
            "p(90)": 0,
            "p(95)": 0,
            "p(99)": 0.10383940000000277,
            "avg": 0.0022570443037974682,
            "min": 0,
            "med": 0,
            "max": 0.216525
        },
        "http_req_sending": {
            "avg": 0.015425167721518977,
            "min": 0.004024,
            "med": 0.0104385,
            "max": 0.170001,
            "p(90)": 0.030067,
            "p(95)": 0.039976750000000005,
            "p(99)": 0.0587559
        },
        "iteration_duration": {
            "med": 1002.7473485,
            "max": 1003.983667,
            "p(90)": 1003.3686172,
            "p(95)": 1003.53846675,
            "p(99)": 1003.8832037999999,
            "avg": 1002.7164737111111,
            "min": 1001.682447
        },
        "http_req_blocked": {
            "avg": 0.010070911392405072,
            "min": 0.001195,
            "med": 0.002724,
            "max": 1.284497,
            "p(90)": 0.006848,
            "p(95)": 0.00790975,
            "p(99)": 0.17492395000000388
        },
        "http_req_receiving": {
            "avg": 0.048186512658227855,
            "min": 0.011277,
            "med": 0.0397735,
            "max": 0.605211,
            "p(90)": 0.084401,
            "p(95)": 0.098076,
            "p(99)": 0.1656863000000001
        },
        "data_received": {
            "count": 126453,
            "rate": 4195.381780171145
        },
        "http_req_tls_handshaking": {
            "max": 0,
            "p(90)": 0,
            "p(95)": 0,
            "p(99)": 0,
            "avg": 0,
            "min": 0,
            "med": 0
        },
        "vus_max": {
            "value": 3,
            "min": 3,
            "max": 3
        },
        "checks": {
            "passes": 405,
            "fails": 0,
            "value": 1
        },
        "vus": {
            "value": 3,
            "min": 3,
            "max": 3
        },
        "data_sent": {
            "count": 62924,
            "rate": 2087.654726542582
        },
        "http_req_failed": {
            "passes": 0,
            "fails": 316,
            "thresholds": {
                "rate<0.01": false
            },
            "value": 0
        }
    },
    "root_group": {
        "checks": {
            "health status is 200": {
                "name": "health status is 200",
                "path": "::health status is 200",
                "id": "ab698ad652ee317628077e42e47eda00",
                "passes": 90,
                "fails": 0
            },
            "availability status is 200": {
                "name": "availability status is 200",
                "path": "::availability status is 200",
                "id": "905421068fbc26b3264dea73d229545f",
                "passes": 90,
                "fails": 0
            },
            "availability returns rooms": {
                "id": "948a676279981d0cbda921e86450762c",
                "passes": 90,
                "fails": 0,
                "name": "availability returns rooms",
                "path": "::availability returns rooms"
            },
            "reservation status is 201 or expected conflict": {
                "name": "reservation status is 201 or expected conflict",
                "path": "::reservation status is 201 or expected conflict",
                "id": "853d956bcc6b8cf77ff5a9521a1133fc",
                "passes": 90,
                "fails": 0
            },
            "cancel status is 200 or 204": {
                "name": "cancel status is 200 or 204",
                "path": "::cancel status is 200 or 204",
                "id": "2cdd30796f4aa6aab790486c349759ba",
                "passes": 45,
                "fails": 0
            }
        },
        "name": "",
        "path": "",
        "id": "d41d8cd98f00b204e9800998ecf8427e",
        "groups": {}
    }
}